
 mysql> SHOW DATABASES;
+--------------------+
| Database           |
+--------------------+
| blogs_schema       |
| information_schema |
| mysql              |
| name               |
| performance_schema |
| sakila             |
| store_ecommerce    |
| sys                |
| twitter            |
| world              |
+--------------------+
10 rows in set (0.00 sec)

mysql> USE blogs_schema;
Database changed
mysql> SHOW TABLES;
+------------------------+
| Tables_in_blogs_schema |
+------------------------+
| users                  |
+------------------------+
1 row in set (0.00 sec)

mysql> DESCRIBE users;
+------------+--------------+------+-----+---------+----------------+
| Field      | Type         | Null | Key | Default | Extra          |
+------------+--------------+------+-----+---------+----------------+
| id         | int          | NO   | PRI | NULL    | auto_increment |
| first_name | varchar(255) | YES  |     | NULL    |                |
| last_name  | varchar(255) | YES  |     | NULL    |                |
| email      | varchar(255) | YES  |     | NULL    |                |
| password   | varchar(255) | YES  |     | NULL    |                |
| created_at | datetime     | YES  |     | NULL    |                |
| updated_at | datetime     | YES  |     | NULL    |                |
+------------+--------------+------+-----+---------+----------------+
7 rows in set (0.00 sec)

mysql> SELECT * FROM users;
Empty set (0.00 sec)

mysql> INSERT INTO users (first_name, last_name, email, password, created_at, updated_at) VALUES
    -> ('Vidhal','elame', 'vidhalelame@gmail.com','jojok88', NOW(), NOW() ),
    -> ('Spencer','elame', 'elamespencer@gmail.com','bank88', '2023-05-15 15:12:05', '2023-06-16 14:50:02' ),
    -> ('Blase','elame', 'elameblase@gmail.com','tajk88', '2023-03-15 15:12:05', '2023-02-06 06:50:42' )
    -> ;
Query OK, 3 rows affected (0.01 sec)
Records: 3  Duplicates: 0  Warnings: 0

mysql> SELECT * FROM users;
+----+------------+-----------+------------------------+----------+---------------------+---------------------+
| id | first_name | last_name | email                  | password | created_at          | updated_at          |
+----+------------+-----------+------------------------+----------+---------------------+---------------------+
|  1 | Vidhal     | elame     | vidhalelame@gmail.com  | jojok88  | 2023-08-25 04:44:20 | 2023-08-25 04:44:20 |
|  2 | Spencer    | elame     | elamespencer@gmail.com | bank88   | 2023-05-15 15:12:05 | 2023-06-16 14:50:02 |
|  3 | Blase      | elame     | elameblase@gmail.com   | tajk88   | 2023-03-15 15:12:05 | 2023-02-06 06:50:42 |
+----+------------+-----------+------------------------+----------+---------------------+---------------------+
3 rows in set (0.00 sec)

mysql> SELECT *  FROM users WHERE email = 'vidhalelame@gmail.com';
+----+------------+-----------+-----------------------+----------+---------------------+---------------------+
| id | first_name | last_name | email                 | password | created_at          | updated_at          |
+----+------------+-----------+-----------------------+----------+---------------------+---------------------+
|  1 | Vidhal     | elame     | vidhalelame@gmail.com | jojok88  | 2023-08-25 04:44:20 | 2023-08-25 04:44:20 |
+----+------------+-----------+-----------------------+----------+---------------------+---------------------+
1 row in set (0.00 sec)

mysql> SELECT *  FROM users WHERE id=3;
+----+------------+-----------+----------------------+----------+---------------------+---------------------+
| id | first_name | last_name | email                | password | created_at          | updated_at          |
+----+------------+-----------+----------------------+----------+---------------------+---------------------+
|  3 | Blase      | elame     | elameblase@gmail.com | tajk88   | 2023-03-15 15:12:05 | 2023-02-06 06:50:42 |
+----+------------+-----------+----------------------+----------+---------------------+---------------------+
1 row in set (0.00 sec)

mysql> SELECT *  FROM users WHERE id=(SELECT MAX(id) FROM users);
+----+------------+-----------+----------------------+----------+---------------------+---------------------+
| id | first_name | last_name | email                | password | created_at          | updated_at          |
+----+------------+-----------+----------------------+----------+---------------------+---------------------+
|  3 | Blase      | elame     | elameblase@gmail.com | tajk88   | 2023-03-15 15:12:05 | 2023-02-06 06:50:42 |
+----+------------+-----------+----------------------+----------+---------------------+---------------------+
1 row in set (0.00 sec)

mysql> UPDATE users SET first_name = 'Pancakes' WHERE id=3;
Query OK, 1 row affected (0.01 sec)
Rows matched: 1  Changed: 1  Warnings: 0

mysql> SELECT * FROM users;
+----+------------+-----------+------------------------+----------+---------------------+---------------------+
| id | first_name | last_name | email                  | password | created_at          | updated_at          |
+----+------------+-----------+------------------------+----------+---------------------+---------------------+
|  1 | Vidhal     | elame     | vidhalelame@gmail.com  | jojok88  | 2023-08-25 04:44:20 | 2023-08-25 04:44:20 |
|  2 | Spencer    | elame     | elamespencer@gmail.com | bank88   | 2023-05-15 15:12:05 | 2023-06-16 14:50:02 |
|  3 | Pancakes   | elame     | elameblase@gmail.com   | tajk88   | 2023-03-15 15:12:05 | 2023-02-06 06:50:42 |
+----+------------+-----------+------------------------+----------+---------------------+---------------------+
3 rows in set (0.00 sec)

mysql> DELETE FROM users WHERE id=2;
Query OK, 1 row affected (0.00 sec)

mysql> SELECT * FROM users;
+----+------------+-----------+-----------------------+----------+---------------------+---------------------+
| id | first_name | last_name | email                 | password | created_at          | updated_at          |
+----+------------+-----------+-----------------------+----------+---------------------+---------------------+
|  1 | Vidhal     | elame     | vidhalelame@gmail.com | jojok88  | 2023-08-25 04:44:20 | 2023-08-25 04:44:20 |
|  3 | Pancakes   | elame     | elameblase@gmail.com  | tajk88   | 2023-03-15 15:12:05 | 2023-02-06 06:50:42 |
+----+------------+-----------+-----------------------+----------+---------------------+---------------------+
2 rows in set (0.00 sec)


mysql> SELECT * FROM users ORDER BY last_name;
+----+------------+-----------+-----------------------+----------+---------------------+---------------------+
| id | first_name | last_name | email                 | password | created_at          | updated_at          |
+----+------------+-----------+-----------------------+----------+---------------------+---------------------+
|  1 | Vidhal     | elame     | vidhalelame@gmail.com | jojok88  | 2023-08-25 04:44:20 | 2023-08-25 04:44:20 |
|  3 | Pancakes   | elame     | elameblase@gmail.com  | tajk88   | 2023-03-15 15:12:05 | 2023-02-06 06:50:42 |
+----+------------+-----------+-----------------------+----------+---------------------+---------------------+
2 rows in set (0.00 sec)

mysql> SELECT * FROM users ORDER BY last_name DESC;
+----+------------+-----------+-----------------------+----------+---------------------+---------------------+
| id | first_name | last_name | email                 | password | created_at          | updated_at          |
+----+------------+-----------+-----------------------+----------+---------------------+---------------------+
|  1 | Vidhal     | elame     | vidhalelame@gmail.com | jojok88  | 2023-08-25 04:44:20 | 2023-08-25 04:44:20 |
|  3 | Pancakes   | elame     | elameblase@gmail.com  | tajk88   | 2023-03-15 15:12:05 | 2023-02-06 06:50:42 |
+----+------------+-----------+-----------------------+----------+---------------------+---------------------+
2 rows in set (0.00 sec)

mysql>